<?xml version="1.0" encoding="UTF-8"?>
<project-private xmlns="http://www.netbeans.org/ns/project-private/1">
    <editor-bookmarks xmlns="http://www.netbeans.org/ns/editor-bookmarks/2" lastBookmarkId="0"/>
    <open-files xmlns="http://www.netbeans.org/ns/projectui-open-files/2">
        <group>
            <file>file:/Users/vithu/UniversityEventManagementSystem/UniversityEventManagementSystem/web/Student/student_dashboard.jsp</file>
            <file>file:/Users/vithu/UniversityEventManagementSystem/UniversityEventManagementSystem/web/login.jsp</file>
            <file>file:/Users/vithu/UniversityEventManagementSystem/UniversityEventManagementSystem/web/index.jsp</file>
            <file>file:/Users/vithu/UniversityEventManagementSystem/UniversityEventManagementSystem/src/java/app/classes/User.java</file>
            <file>file:/Users/vithu/UniversityEventManagementSystem/UniversityEventManagementSystem/web/Admin/AddEvent.jsp</file>
            <file>file:/Users/vithu/UniversityEventManagementSystem/UniversityEventManagementSystem/web/Admin/admin_dashboard.jsp</file>
            <file>file:/Users/vithu/UniversityEventManagementSystem/UniversityEventManagementSystem/web/Admin/AddstudentPage.jsp</file>
            <file>file:/Users/vithu/UniversityEventManagementSystem/UniversityEventManagementSystem/web/CSS/register.css</file>
            <file>file:/Users/vithu/UniversityEventManagementSystem/UniversityEventManagementSystem/src/java/app/classes/Event.java</file>
            <file>file:/Users/vithu/UniversityEventManagementSystem/UniversityEventManagementSystem/src/java/app/classes/MD5.java</file>
            <file>file:/Users/vithu/UniversityEventManagementSystem/UniversityEventManagementSystem/src/java/app/classes/DbConnector.java</file>
            <file>file:/Users/vithu/UniversityEventManagementSystem/UniversityEventManagementSystem/web/Admin/Addstudent.jsp</file>
        </group>
    </open-files>
</project-private>
